instrument,type,n_test_cases,score_mean,score_sd,score_min,score_max,reliability_mean_r,reliability_sd,reliability_min,reliability_max,n_correlation_pairs
bfi,Normal,216,56.081296296296294,10.552100735858579,28.82,80.39,0.946040554844996,0.07129479603888668,0.6957461433388517,0.9974512554066145,36
dark_triad,Mixed,216,43.685509259259256,10.60224218146013,14.81,97.22,0.6584516663435035,0.24289657795429093,0.07713465920515801,0.9922274866604053,36
gad7,Clinical,216,45.987175925925925,36.997972438306,0.0,100.0,0.9749573807801085,0.02473076551630543,0.8939407997811522,0.9981777014040322,36
levenson,Clinical,216,38.54856481481482,13.164853924783813,8.59,93.75,0.856398861195964,0.13403676617364377,0.39683360834890336,0.9911820151544568,36
phq9,Clinical,216,36.454166666666666,32.76981284232381,0.0,100.0,0.977290591005377,0.013178850045046642,0.9485311464922191,0.997758584188064,36
