instrument,type,n_test_cases,score_mean,score_sd,score_min,score_max,reliability_mean_r,reliability_sd,reliability_min,reliability_max,n_correlation_pairs
bfi,Normal,456,57.09144736842106,18.85825896225136,0.0,100.0,0.9623191609651808,0.03255092192714575,0.8833715763753864,0.9971941152935849,36
dark_triad,Mixed,456,47.542938596491226,21.86517797889989,5.56,100.0,0.9260312245854411,0.05387527829056736,0.7282447654534753,0.9867303750467459,36
gad7,Clinical,456,38.19923245614035,24.513884526415165,0.0,100.0,0.738788537312802,0.24432089128023815,-0.015002977822264391,0.97990668462093,36
levenson,Clinical,456,40.31673245614035,29.930556198551283,0.0,100.0,0.9580953359368958,0.035005365290041925,0.8525844422781022,0.990591457745286,36
phq9,Clinical,456,21.905899122807018,21.810178702018405,0.0,100.0,0.5616633714144071,0.20839905696021002,0.07451587267251679,0.9185687786654821,36
