instrument,type,n_test_cases,score_mean,score_sd,score_min,score_max,reliability_mean_r,reliability_sd,reliability_min,reliability_max,n_correlation_pairs
phq3_a,Unknown,216,40.68833333333333,34.761889731060634,0.0,100.0,0.9387431044314201,0.08474951037293581,0.6794605618043779,1.0,36
phq6_bc,Unknown,216,28.961296296296297,29.368245375768282,0.0,100.0,0.9002756270461233,0.14920850629092552,0.43622535435508997,0.9978716921302169,36
phq9,Clinical,216,31.738611111111112,30.980175250103603,0.0,100.0,0.8922447151927826,0.14512467032391627,0.4190627654830425,0.9975284172845018,36
