instrument,type,n_test_cases,score_mean,score_sd,score_min,score_max,reliability_mean_r,reliability_sd,reliability_min,reliability_max,n_correlation_pairs
bfi,Normal,453,57.091788079470206,18.460605320163495,2.5,100.0,0.9793501643226947,0.0316862233772606,0.8381065796313693,0.9975492435775002,36
dark_triad,Mixed,455,48.260065934065935,20.737415604235252,10.19,97.22,0.9630889181696004,0.04837286230204147,0.7946756143474006,0.9967098238773113,36
gad7,Clinical,455,40.09393406593407,23.44467660089926,0.0,100.0,0.9030883657908806,0.053098307048498744,0.7474793066774841,0.9762104846731012,36
levenson,Clinical,454,41.47638766519824,27.874808991743873,0.0,99.22,0.986529093617923,0.01221316961376636,0.9364959496902218,0.9972685129412884,36
phq9,Clinical,455,28.473406593406594,21.435940568614896,0.0,100.0,0.8217350405920685,0.10330089019727091,0.5639938523744238,0.9594947973917446,36
